{
  "timestamp": "2025-09-28T21:37:30.563Z",
  "environment": {
    "platform": "darwin",
    "nodeVersion": "v24.3.0",
    "arch": "arm64"
  },
  "browsers": {
    "chrome": {
      "success": true,
      "browserName": "chrome",
      "browserDescription": "Chrome/Chromium",
      "duration": 302,
      "metrics": {
        "moduleInitialization": {
          "estimatedLoadTime": 83.47500000009313,
          "baseline": "GOOD"
        },
        "apiLatency": {
          "get_version": {
            "iterations": 100,
            "successful": 100,
            "average": 0.0013500000024214388,
            "min": 0,
            "max": 0.01500000013038516,
            "times": [
              0.01500000013038516,
              0.004999999888241291,
              0.009999999776482582,
              0.005000000353902578,
              0,
              0.004999999888241291,
              0,
              0.004999999888241291,
              0,
              0.004999999888241291
            ]
          },
          "get_build_info": {
            "iterations": 100,
            "successful": 100,
            "average": 0.043250000001862646,
            "min": 0,
            "max": 3,
            "times": [
              0.4100000001490116,
              0.009999999776482582,
              0.01000000024214387,
              0.004999999888241291,
              0.009999999776482582,
              0.02000000001862645,
              0.004999999888241291,
              0.01000000024214387,
              0.009999999776482582,
              0.03000000026077032
            ]
          },
          "is_lz4_supported": {
            "iterations": 100,
            "successful": 100,
            "average": 0.0003000000026077032,
            "min": 0,
            "max": 0.01000000024214387,
            "times": [
              0.01000000024214387,
              0,
              0,
              0,
              0,
              0,
              0,
              0.004999999888241291,
              0,
              0
            ]
          },
          "get_supported_compression_types": {
            "iterations": 100,
            "successful": 100,
            "average": 0.002400000002235174,
            "min": 0,
            "max": 0.060000000055879354,
            "times": [
              0.060000000055879354,
              0.004999999888241291,
              0,
              0.005000000353902578,
              0,
              0.004999999888241291,
              0,
              0,
              0.009999999776482582,
              0.005000000353902578
            ]
          },
          "get_memory_stats": {
            "iterations": 100,
            "successful": 100,
            "average": 0.0013500000024214388,
            "min": 0,
            "max": 0.01000000024214387,
            "times": [
              0.009999999776482582,
              0,
              0.01000000024214387,
              0,
              0,
              0,
              0,
              0.004999999888241291,
              0.004999999888241291,
              0
            ]
          },
          "get_table_count": {
            "iterations": 100,
            "successful": 100,
            "average": 0.0002500000037252903,
            "min": 0,
            "max": 0.005000000353902578,
            "times": [
              0.004999999888241291,
              0,
              0,
              0,
              0,
              0,
              0,
              0,
              0,
              0.004999999888241291
            ]
          }
        },
        "memoryUsage": {
          "jsHeapSizeLimit": 3760000000,
          "totalJSHeapSize": 10000000,
          "usedJSHeapSize": 10000000,
          "timestamp": 1759095450813
        },
        "wasmBinarySize": 0
      },
      "timestamp": "2025-09-28T21:37:30.866Z",
      "artifacts": [
        "reports/performance_chrome_screenshot.png"
      ]
    },
    "firefox": {
      "success": true,
      "browserName": "firefox",
      "browserDescription": "Firefox",
      "duration": 1840,
      "metrics": {
        "moduleInitialization": {
          "estimatedLoadTime": 290.62,
          "baseline": "GOOD"
        },
        "apiLatency": {
          "get_version": {
            "iterations": 100,
            "successful": 100,
            "average": 0.005599999999999454,
            "min": 0,
            "max": 0.0999999999999659,
            "times": [
              0.040000000000020464,
              0.01999999999998181,
              0,
              0.01999999999998181,
              0.08000000000004093,
              0.01999999999998181,
              0,
              0,
              0.01999999999998181,
              0.01999999999998181
            ]
          },
          "get_build_info": {
            "iterations": 100,
            "successful": 100,
            "average": 0.014399999999999408,
            "min": 0,
            "max": 0.07999999999998408,
            "times": [
              0.07999999999998408,
              0.020000000000038654,
              0.01999999999998181,
              0.01999999999998181,
              0.040000000000020464,
              0.01999999999998181,
              0.01999999999998181,
              0,
              0.01999999999998181,
              0.020000000000038654
            ]
          },
          "is_lz4_supported": {
            "iterations": 100,
            "successful": 100,
            "average": 0.0006000000000000227,
            "min": 0,
            "max": 0.020000000000038654,
            "times": [
              0.01999999999998181,
              0,
              0,
              0,
              0,
              0,
              0,
              0,
              0,
              0
            ]
          },
          "get_supported_compression_types": {
            "iterations": 100,
            "successful": 100,
            "average": 0.003999999999999773,
            "min": 0,
            "max": 0.040000000000020464,
            "times": [
              0.01999999999998181,
              0,
              0,
              0.020000000000038654,
              0,
              0,
              0,
              0,
              0.01999999999998181,
              0
            ]
          },
          "get_memory_stats": {
            "iterations": 100,
            "successful": 100,
            "average": 0.002400000000000091,
            "min": 0,
            "max": 0.020000000000038654,
            "times": [
              0.01999999999998181,
              0,
              0.01999999999998181,
              0,
              0,
              0,
              0,
              0,
              0.020000000000038654,
              0.01999999999998181
            ]
          },
          "get_table_count": {
            "iterations": 100,
            "successful": 100,
            "average": 0.0001999999999998181,
            "min": 0,
            "max": 0.01999999999998181,
            "times": [
              0,
              0,
              0,
              0,
              0,
              0,
              0,
              0,
              0,
              0
            ]
          }
        },
        "memoryUsage": {},
        "wasmBinarySize": 0
      },
      "timestamp": "2025-09-28T21:37:32.719Z",
      "artifacts": [
        "reports/performance_firefox_screenshot.png"
      ]
    },
    "safari": {
      "success": true,
      "browserName": "safari",
      "browserDescription": "Safari/WebKit",
      "duration": 816,
      "metrics": {
        "moduleInitialization": {
          "estimatedLoadTime": 122.88000000000002,
          "baseline": "GOOD"
        },
        "apiLatency": {
          "get_version": {
            "iterations": 100,
            "successful": 100,
            "average": 0.01700000000000017,
            "min": 0,
            "max": 0.539999999999992,